Name,Forward,Reverse,Product,Clone,Enzyme,Transcript,Accession,Observations
Ttra wnt1,TAGCACACACAGGCAAGATAGTCC,GGAGTAGCAAGTGGAAATGGGG,935 bp,AH23,SP6,Ttra.rna.tri.7468.1,KT253961,
Ttra wnt1t,AAGTTGAAGGCACGATGGACG,AGCATTCGCACAGACAGTAGCAC,1295 bp,AB1810,T7,Ttra.rna.tri.1261.1,PP860497,
Ttra wnt2,CGAGTGTCAATGGCAGTTTAGGC,TGGAGGTTTTGTTGGGTTAGGAC,859 bp,BV275,SP6,Ttra.rna.tri.24515.1,PP860498,
Ttra wnt4,ATGAACCTACACAACAACGA,ACAACACCAATGAAATTTACA,447 bp,TTR164,SP6,Ttra.rna.tri.5093.1,PP860499,Originally cloned using degenerate primers: F1 ATGAAYYTNCAYAAYAAYGA; F2 TGYAARTGYCAYGGNGTNWSNGG; R1 RCARCACCARTGRAANTTRCA
Ttra wnt5,TGGATAGGCGTAACAAAGAAGAGG,GATCTAGTCGGCTTCCTCAAACG,923 bp,AH26,SP6,Ttra.rna.tri.6891.1,PP860500,
Ttra wnt6,ACCTCGTTTCGCATTGATTGAC,CCATCGTTTGAACCAAGCACC ,990 bp,AH30,SP6,Ttra.rna.tri.4961.1,PP860501,
Ttra wnt7,AATGAAGCAGGAAGGAGGGCAG,GCTGGGCATAAAATGTTGTGACG,947 bp,BV221,SP6,Ttra.rna.tri.14497.1,PP860502,
Ttra wnt8,ATGAAGTGGGAAGAAGGGCA,GCAGCACCACTGGAATTTACA,458 bp,TTR104,T7,Ttra.rna.tri.5446.1,PP860503,Originally cloned using degenerate primers: F1 ATGAAYYTNCAYAAYAAYGA; F2 TGYAARTGYCAYGGNGTNWSNGG; R1 RCARCACCARTGRAANTTRCA
Ttra wnt9,CGACTTTCTCAGATGGAATGCGAG,GTGAACGAACCAATCAGGATGC,988 bp,AH31,SP6,Ttra.rna.tri.13505.1,PP860504,
Ttra wnt10,TACCCAACCGAAGAAGCAGACC,TACTTGATGCGTGACACCAGCG,1017 bp,AH33,SP6,Locus_898_Transcript_2/3,PP860505,
Ttra wnt11,TGGTTCCCATAAGTAGACAGAGACG,CACAATGCTGCCACAATCAAAG,897 bp,BV218,SP6,Locus_557_Transcript_3/3,PP860506,
Ttra wnt16,ATGTGTATTGGTCATGGGGCTC,GCATCGTGTGACAGTTTTCTCAAC,800 bp,AH37,SP6,Ttra.rna.tri.7943.1,PP860507,
Ttra wntA,AGAGTAGGGAGACGGCATTCATC,TGTTTTCGGCAGTGTGGAGATAC,807 bp,BV279,SP6,Ttra.rna.tri.11019.1,PP860508,
Ttra fz1/2/7,CGGAAAGGCTGTGAGGAAGT,GCCCAAGCAGCCAAATGAAA,1009 bp,BV291,SP6,Ttra.rna.tri.4975.1,PP860509,
Ttra fz4,AGAGGAGTTTGGTGGCGAGG,AAGAGAAGGAACACAAGATTGGGTC,1247 bp,BV257,SP6,Ttra.rna.tri.4749.1,PP860510,
Ttra fz5/8,CAAGAACTGAGTGAAGCCTATCCC,TGACCCACCAAAGAGATGATGC,1328 bp,BV288,SP6,Ttra.rna.tri.5063.1,PP860511,
Ttra fz9/10,CCAATGTAAATGACAAGGGTAGCG,CAGCCAATAGAAAGACAGTGCCTG,902 bp,BV259,SP6,Ttra.rna.tri.6352.1,PP860512,
Ttra sfrp1/2/5,CCACTTGTCCACAGTTGTCAGTCG,TTCGCAATCCTTCTTCACCG,884 bp,BV254,SP6,Ttra.rna.tri.4079.1,PP860513,
Ttra dkk5,CAAGCGATCATTCGGTCAG,CCTTGTGAAAATATGTGGCTTC,762 bp,YM026,SP6,Ttra.rna.tri.6743.1,PP860514,
Ttra wif,TTCAAAAACAAGGGCTTCTT,TGGTCTCCCAAACATTCACA,953 bp,MP23,T7,Ttra.rna.tri.8492.1,PP860515,
Ttra dsh,ATCCACTGCAATGTCATCCA,AGGGGAGCTAATGTATCCCT,951 bp,MP1,SP6,Ttra.rna.tri.4968.1,PP860516,
Ttra dgo,GTGGATAGACAAGGCCAGGT,TAGATTCTCATTGTCTGTGT,972 bp,MP1b,SP6,Ttra.rna.tri.10905.1,PP860517,
Ttra pk,AGCCTTGTATGTCGTGTGGA,AAATGCTTCTGTTGCCATTC,949 bp,MP7,SP6,Ttra.rna.tri.7507.1,PP860518,
Ttra fmi,ATTCTACAGGTGGTGCTGCT,TGATCTCCGTCAGCATACGG,951 bp,MP17,SP6,Ttra.rna.tri.5936.1,PP860519,
Ttra stbm,TCTTGTTTCTGGTGTTTGTG,TTGCTATGTCTCCCTGTCGT,897 bp,MP117,SP6,Ttra.rna.tri.4679.1,PP860520,
Ttra jnk,AAAACGGGAGGTCATTGCAC,GATCCTGGAAAGAGCACATT,952 bp,MP4,SP6,Ttra.rna.tri.5065.1,PP860521,
